id,title,content,category,tags,source,created_at
16,Automations,"A comprehensive suite of AI-powered automation tools for content creation, research, and workflow optimization.",AI/Automation,"analysis, ai, seo, research, content, optimization, automation, tool",phase2_intelligent_organization_Automations,2026-01-17 01:11:24
17,notebooklm-categorizer-main,**NotebookLM Categorizer** is a browser extension that adds smart **category filter buttons** to the [NotebookLM](https://notebooklm.google.com/) list. It detects titles and automatically groups them ,General,,phase2_intelligent_organization_notebooklm-categorizer-main,2026-01-17 01:11:24
18,tiny-openai-whisper-api-main,"Based on https://github.com/morioka/tiny-openai-whisper-api, using `whisper-mlx` instead of `openai-whisper`",AI/Automation,"api, ai",phase2_intelligent_organization_tiny-openai-whisper-api-main,2026-01-17 01:11:24
19,Personal,,General,,phase2_intelligent_organization_Personal,2026-01-17 01:11:24
20,ComicBook-AI-main,"This app uses React-Vite along with Firestore and Firebase Hosting. The main idea of this app is to generate custom images based on user-prompts to craft unique comic book strips, this is achieved usi",AI/Automation,ai,phase2_intelligent_organization_ComicBook-AI-main,2026-01-17 01:11:24
21,KnowNote-main,"> A local-first, open-source alternative to Google NotebookLM",General,,phase2_intelligent_organization_KnowNote-main,2026-01-17 01:11:24
22,lyra-exporter-main,[**阅读中文文档**](https://github.com/Yalums/lyra-exporter/blob/main/README_zh.md),AI/Automation,ai,phase2_intelligent_organization_lyra-exporter-main,2026-01-17 01:11:24
23,fonts,PDF导出功能需要以下 **ARUDJingxihei (阿如汉字黑体)** 字体文件：,General,,phase2_intelligent_organization_fonts,2026-01-17 01:11:24
24,src,,General,,phase2_intelligent_organization_src,2026-01-17 01:11:24
25,fileParser,,General,,phase2_intelligent_organization_fileParser,2026-01-17 01:11:24
26,data,,General,,phase2_intelligent_organization_data,2026-01-17 01:11:24
27,self-hosted-ai-starter-kit-main,**Self-hosted AI Starter Kit** is an open-source Docker Compose template designed to swiftly initialize a comprehensive local AI and low-code development environment.,AI/Automation,"ai, code",phase2_intelligent_organization_self-hosted-ai-starter-kit-main,2026-01-17 01:11:24
28,notebooklm-mcp-secure-main,**Zero-hallucination answers • Gemini Deep Research • 14 Security Layers • Enterprise Compliance**,Research/Analysis,"analysis, research",phase2_intelligent_organization_notebooklm-mcp-secure-main,2026-01-17 01:11:24
29,cobber-ml-synthesizer-main,"In an alternate universe called **Cobberland**, all matter is composed of substances known as **kernels**. Each kernel is characterized by three properties:",General,,phase2_intelligent_organization_cobber-ml-synthesizer-main,2026-01-17 01:11:24
30,cobber-ml-synthesizer,,General,,phase2_intelligent_organization_cobber-ml-synthesizer,2026-01-17 01:11:24
31,Comicfy.ai-main,Bring your stories to life using Comicfy.ai!,AI/Automation,ai,phase2_intelligent_organization_Comicfy.ai-main,2026-01-17 01:11:24
32,server,,General,,phase2_intelligent_organization_server,2026-01-17 01:11:24
33,client,This project was bootstrapped with [Create React App](https://github.com/facebook/create-react-app).,General,,phase2_intelligent_organization_client,2026-01-17 01:11:24
34,src,,General,,phase2_intelligent_organization_src,2026-01-17 01:11:24
35,notebooklm-anki-extension-main,This Chrome extension bridges the gap between Google NotebookLM and Anki. It automatically extracts multiple-choice quizzes generated by NotebookLM and exports them directly into Anki decks with a sin,General,,phase2_intelligent_organization_notebooklm-anki-extension-main,2026-01-17 01:11:24
36,NotebookLM-Examples-main,This repository contains examples and documentation demonstrating the potential use of Google’s NotebookLM for enhancing educational experiences at a university level. As part of a consulting evaluati,AI/Automation,ai,phase2_intelligent_organization_NotebookLM-Examples-main,2026-01-17 01:11:24
37,notebookLM-citation-main,A Chrome extension that automatically maps citation numbers to source filenames in Google NotebookLM and allows you to copy chat text with preserved citations.,General,,phase2_intelligent_organization_notebookLM-citation-main,2026-01-17 01:11:24
38,extension,A Chrome extension that preserves citation references when copying chat text from Google NotebookLM.,General,,phase2_intelligent_organization_extension,2026-01-17 01:11:24
39,notebooklm_exporter-main,A Chrome extension that exports NotebookLM chat conversations to Markdown format.,General,,phase2_intelligent_organization_notebooklm_exporter-main,2026-01-17 01:11:24
40,versatile_bot_project-main,Shun Tsukamoto,General,,phase2_intelligent_organization_versatile_bot_project-main,2026-01-17 01:11:24
41,Awesome-LLM-main,![](resources/image8.gif),General,,phase2_intelligent_organization_Awesome-LLM-main,2026-01-17 01:11:24
42,youtube-enhancer_merged_deduped,This folder is a clean merge of 8 uploaded ZIPs (`youtube-enhancer(1..8).zip`) with duplicates removed.,Content Creation,,phase2_intelligent_organization_youtube-enhancer_merged_deduped,2026-01-17 01:11:24
43,open-video-overview-main,An open-source alternative to [NotebookLM's Video Overview](https://notebooklm.google.com). Built with [Mastra](https://mastra.ai) to create narrated videos from text using AI-generated images (Gemini,AI/Automation,ai,phase2_intelligent_organization_open-video-overview-main,2026-01-17 01:11:24
44,axolotl-main,<picture>,General,,phase2_intelligent_organization_axolotl-main,2026-01-17 01:11:24
45,devtools,,General,,phase2_intelligent_organization_devtools,2026-01-17 01:11:24
46,smolvlm2,"[SmolVLM2](https://huggingface.co/collections/HuggingFaceTB/smolvlm2-smallest-video-lm-ever-67ab6b5e84bf8aaa60cb17c7) are a family of lightweight, open-source multimodal models from HuggingFace design",Content Creation,,phase2_intelligent_organization_smolvlm2,2026-01-17 01:11:24
47,gpt-oss,"[GPT-OSS](https://huggingface.co/collections/openai/gpt-oss-68911959590a1634ba11c7a4) are a family of open-weight MoE models trained by OpenAI, released in August 2025. There are two variants: 20B and",AI/Automation,"oss, gpt, ai",phase2_intelligent_organization_gpt-oss,2026-01-17 01:11:24
48,olmo3,[Olmo 3](https://huggingface.co/collections/allenai/olmo-3) are a family of 7B and 32B models open source models trained by The Allen Institute for Artificial Intelligence.,AI/Automation,"intelligence, ai",phase2_intelligent_organization_olmo3,2026-01-17 01:11:24
49,LiquidAI,"[Liquid Foundation Models 2 (LFM2)](https://huggingface.co/collections/LiquidAI/lfm2-686d721927015b2ad73eaa38) are a family of small, open-weight models from [Liquid AI](https://www.liquid.ai/) focuse",AI/Automation,ai,phase2_intelligent_organization_LiquidAI,2026-01-17 01:11:24
50,arcee,[Arcee Foundation Models (AFM)](https://huggingface.co/collections/arcee-ai/afm-45b-68823397c351603014963473) are a family of 4.5B parameter open weight models trained by Arcee.ai.,AI/Automation,"afm, ai",phase2_intelligent_organization_arcee,2026-01-17 01:11:24
51,devstral,Devstral Small is a 24B parameter opensource model from MistralAI found on HuggingFace [Devstral-Small-2505](https://huggingface.co/mistralai/Devstral-Small-2505) and [Devstral-Small-2507](https://hug,AI/Automation,ai,phase2_intelligent_organization_devstral,2026-01-17 01:11:24
52,qwen3-next,[Qwen3-Next](https://huggingface.co/collections/Qwen/qwen3-next-68c25fd6838e585db8eeea9d) represents the next-generation foundation models optimized for extreme context length and large-scale paramete,General,generation,phase2_intelligent_organization_qwen3-next,2026-01-17 01:11:24
53,slurm,This directory contains an example SLURM script for running Axolotl training jobs across multiple nodes in a SLURM cluster.,AI/Automation,"script, slurm, ai, code",phase2_intelligent_organization_slurm,2026-01-17 01:11:24
54,apertus,[Apertus](https://huggingface.co/collections/swiss-ai/apertus-llm-68b699e65415c231ace3b059) is a family of opensource models trained by Swiss-ai.,AI/Automation,ai,phase2_intelligent_organization_apertus,2026-01-17 01:11:24
55,llama-4,"While Flash Attention to support is ""enabled"" for Llama-4, the upstream implementation is not correct and usage of Flex Attention is recommended.",General,,phase2_intelligent_organization_llama-4,2026-01-17 01:11:24
56,llama-3,https://llama.meta.com/llama3/,General,,phase2_intelligent_organization_llama-3,2026-01-17 01:11:24
57,llama-2,"This is an example of a llama-2 configuration for 7b and 13b. The yaml file contains configuration for the 7b variant, but you can just aswell use the same settings for 13b.",Technical Documentation,ai,phase2_intelligent_organization_llama-2,2026-01-17 01:11:24
58,jamba,- ✅ qlora w/ deepspeed Zero-2 needs at least 2x GPUs and,General,,phase2_intelligent_organization_jamba,2026-01-17 01:11:24
59,voxtral,Voxtral is a [3B](https://huggingface.co/mistralai/Voxtral-Mini-3B-2507)/[24B](https://huggingface.co/mistralai/Voxtral-Small-24B-2507) parameter opensource model from MistralAI found on HuggingFace. ,AI/Automation,ai,phase2_intelligent_organization_voxtral,2026-01-17 01:11:24
60,streaming,This directory contains example configurations for using Axolotl's streaming dataset,AI/Automation,ai,phase2_intelligent_organization_streaming,2026-01-17 01:11:24
61,hunyuan,"Tencent released a family of opensource models called HunYuan with varying parameter scales of 0.5B, 1.8B, 4B, and 7B scale for both Pre-trained and Instruct variants. The models can be found at [Hugg",AI/Automation,ai,phase2_intelligent_organization_hunyuan,2026-01-17 01:11:24
62,gemma3n,Gemma-3n is a family of multimodal models from Google found on [HuggingFace](https://huggingface.co/collections/google/gemma-3n-685065323f5984ef315c93f4). This guide shows how to fine-tune it with Axo,Technical Documentation,tutorial,phase2_intelligent_organization_gemma3n,2026-01-17 01:11:24
63,seed-oss,[Seed-OSS](https://huggingface.co/collections/ByteDance-Seed/seed-oss-68a609f4201e788db05b5dcd) are a series of 36B parameter open source models trained by ByteDance's Seed Team.,AI/Automation,"oss, ai",phase2_intelligent_organization_seed-oss,2026-01-17 01:11:24
64,distributed-parallel,"This directory contains example configurations for training models using ND Parallelism in Axolotl. These examples demonstrate how to compose different parallelism strategies (FSDP, TP, CP, HSDP) for ",AI/Automation,"hsdp, fsdp, ai",phase2_intelligent_organization_distributed-parallel,2026-01-17 01:11:24
65,alst,Artic Long Sequence Training (ALST) is a technique for training long context models using a variety of optimization,AI/Automation,"seo, alst, ai, optimization",phase2_intelligent_organization_alst,2026-01-17 01:11:24
66,granite4,[Granite 4.0](https://huggingface.co/collections/ibm-granite/granite-40-language-models) are a family of open source models trained by IBM Research.,AI/Automation,"analysis, ibm, research, ai",phase2_intelligent_organization_granite4,2026-01-17 01:11:24
67,archived,This directory contains examples that are no longer maintained and may no longer be functional.,AI/Automation,ai,phase2_intelligent_organization_archived,2026-01-17 01:11:24
68,openllama-3b,Basic full tune,General,,phase2_intelligent_organization_openllama-3b,2026-01-17 01:11:24
69,code-llama,"This is an example of CodeLLaMA configuration for 7b, 13b and 34b.",Technical Documentation,code,phase2_intelligent_organization_code-llama,2026-01-17 01:11:24
70,tiny-llama,This is a simple example of how to finetune TinyLlama1.1B using either lora or qlora:,General,,phase2_intelligent_organization_tiny-llama,2026-01-17 01:11:24
71,qwen,TODO,General,todo,phase2_intelligent_organization_qwen,2026-01-17 01:11:24
72,mpt-7b,```shell,General,,phase2_intelligent_organization_mpt-7b,2026-01-17 01:11:24
73,dbrx,"Currently, for LoRA, only the `q_proj`, `k_proj`, `v_proj` `out_proj` and `layer` Linear layers are trainable.",AI/Automation,ai,phase2_intelligent_organization_dbrx,2026-01-17 01:11:24
74,redpajama,```shell,General,,phase2_intelligent_organization_redpajama,2026-01-17 01:11:24
75,yi-34B-chat,This is an example of a Yi-34B-Chat configuration. It demonstrates that it is possible to finetune a 34B model on a GPU with 24GB of VRAM.,Technical Documentation,"vram, gpu",phase2_intelligent_organization_yi-34B-chat,2026-01-17 01:11:24
76,stablelm-2,This repository contains examples for training and processing using StableLM-2. It also includes a section to help you estimate the GPU requirements for your specific use case.,AI/Automation,"gpu, ai",phase2_intelligent_organization_stablelm-2,2026-01-17 01:11:24
77,pythia-12b,- Single-GPU A100 only (?),General,gpu,phase2_intelligent_organization_pythia-12b,2026-01-17 01:11:24
78,phi,"Due to some nuances with the phi code, please use deepspeed when training phi for full finetune.",AI/Automation,"ai, code",phase2_intelligent_organization_phi,2026-01-17 01:11:24
79,orpheus,"In this example, we finetune Orpcanopylabs/orpheus-tts-0.1-pretrained (a LLaMA 3.2 3b model) to output audio.",AI/Automation,ai,phase2_intelligent_organization_orpheus,2026-01-17 01:11:24
80,magistral,"Magistral Small is a 24B parameter opensource model from MistralAI found on HuggingFace at [2506](https://huggingface.co/mistralai/Magistral-Small-2506), [2507](https://huggingface.co/mistralai/Magist",AI/Automation,ai,phase2_intelligent_organization_magistral,2026-01-17 01:11:24
81,think,This guide covers fine-tuning [Magistral Small 2507](https://huggingface.co/mistralai/Magistral-Small-2507) with thinking capabilities using Axolotl. The thinking model enables explicit Chain-of-Thoug,AI/Automation,"tutorial, ai",phase2_intelligent_organization_think,2026-01-17 01:11:24
82,vision,This guide covers fine-tuning [Magistral Small 2509](https://huggingface.co/mistralai/Magistral-Small-2509) with vision capabilities using Axolotl.,AI/Automation,"tutorial, ai",phase2_intelligent_organization_vision,2026-01-17 01:11:24
83,mistral,Fine Tune:,General,,phase2_intelligent_organization_mistral,2026-01-17 01:11:24
84,mistral-small,This guide covers fine-tuning [Mistral Small 3.1](mistralai/Mistral-Small-3.1-24B-Instruct-2503) and [Mistral Small 3.2](mistralai/Mistral-Small-3.2-24B-Instruct-2506) with vision capabilities using A,AI/Automation,"tutorial, ai",phase2_intelligent_organization_mistral-small,2026-01-17 01:11:24
85,cli,,General,,phase2_intelligent_organization_cli,2026-01-17 01:11:24
86,lm_eval,Run evaluation on model using the popular lm-evaluation-harness library.,General,,phase2_intelligent_organization_lm_eval,2026-01-17 01:11:24
87,kd,```yaml,AI/Automation,,phase2_intelligent_organization_kd,2026-01-17 01:11:24
88,diffusion,This plugin enables diffusion language model training using an approach inspired by,AI/Automation,ai,phase2_intelligent_organization_diffusion,2026-01-17 01:11:24
89,densemixer,See [DenseMixer](https://github.com/yaof20/DenseMixer/),General,,phase2_intelligent_organization_densemixer,2026-01-17 01:11:24
90,cut_cross_entropy,Cut Cross Entropy (CCE) reduces VRAM usage through optimization on the cross-entropy operation during loss calculation.,Analytics/Optimization,"cce, seo, vram, optimization",phase2_intelligent_organization_cut_cross_entropy,2026-01-17 01:11:24
91,liger,"Liger Kernel provides efficient Triton kernels for LLM training, offering:",AI/Automation,"llm, ai",phase2_intelligent_organization_liger,2026-01-17 01:11:24
92,spectrum,"by Eric Hartford, Lucas Atkins, Fernando Fernandes, David Golchinfar",General,,phase2_intelligent_organization_spectrum,2026-01-17 01:11:24
93,llm_compressor,Fine-tune sparsified models in Axolotl using Neural Magic's [LLMCompressor](https://github.com/vllm-project/llm-compressor).,AI/Automation,,phase2_intelligent_organization_llm_compressor,2026-01-17 01:11:24
94,grokfast,See https://github.com/ironjr/grokfast,General,,phase2_intelligent_organization_grokfast,2026-01-17 01:11:24
95,bradley_terry,```yaml,AI/Automation,,phase2_intelligent_organization_bradley_terry,2026-01-17 01:11:24
96,notebooklm-mcp-main,"**Let your CLI agents (Claude, Cursor, Codex...) chat directly with NotebookLM for zero-hallucination answers based on your own notebooks**",AI/Automation,"cli, code",phase2_intelligent_organization_notebooklm-mcp-main,2026-01-17 01:11:24
97,ainews-source-extractor-master,AI News Link Scraper extracts all URLs from the most recent AI News issue (from news.smol.ai) and prepares them for seamless import into Google's NotebookLM. It organizes sources into a dedicated fold,AI/Automation,ai,phase2_intelligent_organization_ainews-source-extractor-master,2026-01-17 01:11:24
98,ainews-source-extractor,AI News Link Scraper extracts all URLs from the most recent AI News issue (from news.smol.ai) and prepares them for seamless import into Google's NotebookLM. It organizes sources into a dedicated fold,AI/Automation,ai,phase2_intelligent_organization_ainews-source-extractor,2026-01-17 01:11:24
99,dotenv,,General,,phase2_intelligent_organization_dotenv,2026-01-17 01:11:24
100,_internal,,General,,phase2_intelligent_organization__internal,2026-01-17 01:11:24
101,cli,,General,,phase2_intelligent_organization_cli,2026-01-17 01:11:24
102,PageLM-main,"<img width=""full"" height=""auto"" alt=""pagelm"" src=""https://github.com/user-attachments/assets/d3133be1-1931-4132-9301-3596ebb21122"" />",General,,phase2_intelligent_organization_PageLM-main,2026-01-17 01:11:24
103,NotebookLM_Youtube_Automator-main,Extracts YouTube video lists/links and automates adding them to NotebookLM.,Content Creation,,phase2_intelligent_organization_NotebookLM_Youtube_Automator-main,2026-01-17 01:11:24
104,auto-paper-digest-main,"<p align=""center"">",General,,phase2_intelligent_organization_auto-paper-digest-main,2026-01-17 01:11:24
105,portal,title: Paper Digest Portal,General,,phase2_intelligent_organization_portal,2026-01-17 01:11:24
106,notebooklm-kit-main,![Banner](./.github/asset/banner.png),General,,phase2_intelligent_organization_notebooklm-kit-main,2026-01-17 01:11:24
107,comics_generator-master,This program use Generative AI to create an entire comic strip from a short scenario.,AI/Automation,ai,phase2_intelligent_organization_comics_generator-master,2026-01-17 01:11:24
108,insights-lm-public-main,"<img src=""https://www.theaiautomators.com/wp-content/uploads/2025/07/Group-2651.svg"" alt=""InsightsLM Logo"" width=""600""/>",AI/Automation,"content, ai",phase2_intelligent_organization_insights-lm-public-main,2026-01-17 01:11:24
109,SurfSense-main,![new_header](https://github.com/user-attachments/assets/e236b764-0ddc-42ff-a1f1-8fbb3d2e0e65),General,,phase2_intelligent_organization_SurfSense-main,2026-01-17 01:11:24
110,surfsense_browser_extension,Use this guide to build for your browser https://docs.plasmo.com/framework/workflows/build,Technical Documentation,"tutorial, framework",phase2_intelligent_organization_surfsense_browser_extension,2026-01-17 01:11:24
111,surfsense_backend,,General,,phase2_intelligent_organization_surfsense_backend,2026-01-17 01:11:24
112,Local-NotebookLM-main,![logo](logo.jpeg),General,,phase2_intelligent_organization_Local-NotebookLM-main,2026-01-17 01:11:24
113,automated-notebooklm-main,"This repository demonstrates an experimental pipeline that automates Google NotebookLM to generate podcast audio from URLs, converts the audio to MP3, and optionally uploads an episode to RedCircle. I",AI/Automation,,phase2_intelligent_organization_automated-notebooklm-main,2026-01-17 01:11:24
114,notebooklm-skill-master,"Welcome to notebooklm-skill! This tool allows Claude Code to communicate directly with your Google NotebookLM notebooks. You can query your uploaded documents and receive accurate, citation-backed ans",AI/Automation,"tool, code",phase2_intelligent_organization_notebooklm-skill-master,2026-01-17 01:11:24
115,how-to-data-science-main,"Scripts, notebooks, and articles about data science in general.",Code/Scripts,"script, code",phase2_intelligent_organization_how-to-data-science-main,2026-01-17 01:11:24
116,Programming_Books-main,Just a selection of programming books to help users learn.,General,code,phase2_intelligent_organization_Programming_Books-main,2026-01-17 01:11:24
117,notebookllama-main,https://github.com/user-attachments/assets/7e9cca45-8a4c-4dfa-98d2-2cef147422f2,General,,phase2_intelligent_organization_notebookllama-main,2026-01-17 01:11:24
118,skill-main,"This repository contains a curated collection of skills for AI agents. While originally developed for Claude Code, these skills work with various AI agents to help them handle tasks more effectively.",AI/Automation,"ai, code",phase2_intelligent_organization_skill-main,2026-01-17 01:11:24
119,knowledge-generator-main,A simple tool for generating information about a topic to be fed into [NotebookLM](https://notebooklm.google.com/).,General,tool,phase2_intelligent_organization_knowledge-generator-main,2026-01-17 01:11:24
120,youtube-bot-main,*Industry-leading audience development solution for content creators*,Content Creation,"content, code",phase2_intelligent_organization_youtube-bot-main,2026-01-17 01:11:24
121,podcastfy-main,"<a name=""readme-top""></a>",Technical Documentation,,phase2_intelligent_organization_podcastfy-main,2026-01-17 01:11:24
122,source,[![PyPi Status](https://img.shields.io/pypi/v/podcastfy)](https://pypi.org/project/podcastfy/),Content Creation,,phase2_intelligent_organization_source,2026-01-17 01:11:24
123,whisperX-main,"<p align=""center"">",General,,phase2_intelligent_organization_whisperX-main,2026-01-17 01:11:24
124,OhOnePro-main,"<img src=""https://ohonepro.com/images/app-icon.png"" alt=""Oh One Pro"" width=""100"" />",General,,phase2_intelligent_organization_OhOnePro-main,2026-01-17 01:11:24
125,notebooklm-py-main,"<p align=""left"">",General,,phase2_intelligent_organization_notebooklm-py-main,2026-01-17 01:11:24
126,sunova-visualize,"- **Purpose**: Sunova Visualize turns an artist’s audio into a production-ready music video plan. The React SPA handles onboarding, project management, and editor tooling, while Supabase Edge Function",Code/Scripts,"spa, tool",phase2_intelligent_organization_sunova-visualize,2026-01-17 01:11:24
127,music-mcp,Overview,General,,phase2_intelligent_organization_music-mcp,2026-01-17 01:11:24
128,notebooklm-latex-renderer-main,This Chrome extension automatically finds and renders LaTeX mathematical formulas embedded within Google's NotebookLM service (`notebooklm.google.com`). It uses the KaTeX library to display both inlin,AI/Automation,ai,phase2_intelligent_organization_notebooklm-latex-renderer-main,2026-01-17 01:11:24
129,Ethical_Hacking_Video_Course-main,This is a selection of ethical hacking courses on video,Content Creation,,phase2_intelligent_organization_Ethical_Hacking_Video_Course-main,2026-01-17 01:11:24
130,AI-podcast-generator-main,This script generates an AI-powered podcast based on a given text.,Code/Scripts,"script, ai, code",phase2_intelligent_organization_AI-podcast-generator-main,2026-01-17 01:11:24
131,notebook-cat-main,"A tool to optimally concatenate text, markdown, and JSON files into larger source files (""sources"") for Google NotebookLM, maximizing source count and word limits. Features both a command-line interfa",Code/Scripts,"tool, ai, json",phase2_intelligent_organization_notebook-cat-main,2026-01-17 01:11:24
132,notebook_cat,,General,,phase2_intelligent_organization_notebook_cat,2026-01-17 01:11:24
133,vidgen-main,⚠️ **NOTICE: This project is no longer maintained.** ⚠️,AI/Automation,"notice, ai",phase2_intelligent_organization_vidgen-main,2026-01-17 01:11:24
134,DIY-Podcast-Generator-main,![License](https://img.shields.io/badge/license-Apache2.0-blue),General,,phase2_intelligent_organization_DIY-Podcast-Generator-main,2026-01-17 01:11:24
135,Simli_NotebookLM-main,![image](https://github.com/user-attachments/assets/3112a14e-d95e-4c83-8786-9d52cce2c087),General,,phase2_intelligent_organization_Simli_NotebookLM-main,2026-01-17 01:11:24
136,open-notebookllm-master,"Open source implementation of NotebookLM. Supports multiple AI providers, RAG-based retrieval, podcast generation, speech-to-text, and more.",AI/Automation,"rag, generation, ai",phase2_intelligent_organization_open-notebookllm-master,2026-01-17 01:11:24
15,Whisper API Python Script,"from fastapi import FastAPI, Form, UploadFile, File
from fastapi import HTTPException, status

import os
import shutil
from functools import lru_cache
from pathlib import Path
from typing import Any, List, Union, Optional

from datetime import timedelta

import numpy as np
import mlx_whisper

app = FastAPI()

# @lru_cache(maxsize=1)
# def get_whisper_model(whisper_model: str):
#     """"""Get a whisper model from the cache or download it if it doesn't exist""""""
#     model = mlx_whisper.load_model(whisper_model)
#     return model

def transcribe(audio_path: str, whisper_model: str, **whisper_args):
    """"""Transcribe the audio file using whisper""""""
    transcript = mlx_whisper.transcribe(audio_path)
    return transcript

WHISPER_DEFAULT_SETTINGS = {
    ""whisper_model"": ""large-v2"",
}

UPLOAD_DIR=""/tmp""

@app.post('/v1/audio/transcriptions')
async def transcriptions(model: str = Form(...),
                         file: UploadFile = File(...),
                         response_format: Optional[str] = Form(None),
                         prompt: Optional[str] = Form(None),
                         temperature: Optional[float] = Form(None),
                         language: Optional[str] = Form(None)):

    assert model == ""whisper-1""
    if file is None:
        raise HTTPException(
            status_code=status.HTTP_400_BAD_REQUEST,
            detail=f""Bad Request, bad file""
            )
    if response_format is None:
        response_format = 'json'
    if response_format not in ['json',
                           'text',
                           'srt',
                           'verbose_json',
                           'vtt']:
        raise HTTPException(
            status_code=status.HTTP_400_BAD_REQUEST,
            detail=f""Bad Request, bad response_format""
            )
    if temperature is None:
        temperature = 0.0
    if temperature < 0.0 or temperature > 1.0:
        raise HTTPException(
            status_code=status.HTTP_400_BAD_REQUEST,
            detail=f""Bad Request, bad temperature""
            )

    filename = file.filename
    fileobj = file.file
    upload_name = os.path.join(UPLOAD_DIR, filename)
    upload_file = open(upload_name, 'wb+')
    shutil.copyfileobj(fileobj, upload_file)
    upload_file.close()

    transcript = transcribe(audio_path=upload_name, **WHISPER_DEFAULT_SETTINGS)

    if response_format in ['text']:
        return transcript['text']

    if response_format in ['srt']:
        ret = """"
        for seg in transcript['segments']:
            td_s = timedelta(milliseconds=seg[""start""]*1000)
            td_e = timedelta(milliseconds=seg[""end""]*1000)

            t_s = f'{td_s.seconds//3600:02}:{(td_s.seconds//60)%60:02}:{td_s.seconds%60:02}.{td_s.microseconds//1000:03}'
            t_e = f'{td_e.seconds//3600:02}:{(td_e.seconds//60)%60:02}:{td_e.seconds%60:02}.{td_e.microseconds//1000:03}'

            ret += '{}\n{} --> {}\n{}\n\n'.format(seg[""id""], t_s, t_e, seg[""text""])
        ret += '\n'
        return ret

    if response_format in ['vtt']:
        ret = ""WEBVTT\n\n""
        for seg in transcript['segments']:
            td_s = timedelta(milliseconds=seg[""start""]*1000)
            td_e = timedelta(milliseconds=seg[""end""]*1000)

            t_s = f'{td_s.seconds//3600:02}:{(td_s.seconds//60)%60:02}:{td_s.seconds%60:02}.{td_s.microseconds//1000:03}'
            t_e = f'{td_e.seconds//3600:02}:{(td_e.seconds//60)%60:02}:{td_e.seconds%60:02}.{td_e.microseconds//1000:03}'

            ret += ""{} --> {}\n{}\n\n"".format(t_s, t_e, seg[""text""])
        return ret

    if response_format in ['verbose_json']:
        transcript.setdefault('task', 'transcribe')
        transcript.setdefault('duration', transcript['segments'][-1]['end'])
        if transcript['language'] == 'ja':
            transcript['language'] = 'japanese'
        return transcript

    return {'text': transcript['text']}
",Code/Scripts,"tool, code, api, script, ai, webvtt",hybrid_intelligence_system,2026-01-17 01:05:00
14,Tiny OpenAI Whisper API Tool,"# Tiny OpenAI Whisper API Analysis
OpenAI Whisper API-style local server running on FastAPI.
Compatible with OpenAI Whisper API for companies behind proxies/security firewalls.
Built on Python 3.10.8, uses FastAPI, supports various output formats (json, text, srt, vtt).
Provides speech-to-text transcription capabilities with local processing.
",Code/Scripts,"analysis, ai, script, code, python, api",auto_analyzer,2026-01-17 01:04:47
13,NotebookLM Categorizer Tool,"# NotebookLM Categorizer Analysis
This is a browser extension that adds smart category filter buttons to NotebookLM.
It detects titles and automatically groups them into categories like Tutorial, Finance, General.
Handles SPA navigation seamlessly.
Features: Auto-categorizes, filter UI, SPA support, remembers filters, customizable categories.",Code/Scripts,,conversation_capture,2026-01-17 01:04:37
12,KnowNote Knowledge Management Tool,"<div align=""center"">

# KnowNote

> A local-first, open-source alternative to Google NotebookLM  
> Built for learners and developers who want private LLMs, no Docker, and full control.

**Transform your documents into an intelligent, conversational knowledge base**

[![GitHub release](https://img.shields.io/github/v/release/MrSibe/KnowNote)](https://github.com/MrSibe/KnowNote/releases)
[![GitHub stars](https://img.shields.io/github/stars/MrSibe/KnowNote)](https://github.com/MrSibe/KnowNote/stargazers)
[![License](https://img.shields.io/github/license/MrSibe/KnowNote)](https://github.com/MrSibe/KnowNote/blob/main/LICENSE)
[![GitHub issues](https://img.shields.io/github/issues/MrSibe/KnowNote)](https://github.com/MrSibe/KnowNote/issues)

[English](README.md) | [简体中文](README_CN.md)

</div>

---

## Why KnowNote?

I really like the idea behind **Google NotebookLM**:
upload documents, build context, and reason over them with LLMs.

But I wanted a few things it doesn’t give me:

- Using my own **private or self-managed LLM APIs**
- Keeping **all data local**, without cloud lock-in
- Trying the tool **without Docker or complex deployment**

While exploring GitHub, I found many impressive “Open Notebook” projects.
They are powerful and well-designed — but almost all of them rely on Docker.
For beginners and non-backend users, that alone can be a deal-breaker.

So I built **KnowNote**:  
a simple Electron-based desktop app that brings NotebookLM-style workflows
to a **local-first, Docker-free environment**.

This is my **first open-source project**.  
It’s still early, but the core idea works — and I’m excited to share it and learn from the community.

---

## What KnowNote does (so far)

- 📚 Build a local knowledge base from documents and notes
- 💬 Chat, summarize, and reason with your content using LLMs
- 🔌 Provider-based LLM design (OpenAI, DeepSeek, Ollama, and more)
- 🔍 RAG-powered retrieval with precise source traceability
- 🖥️ Desktop app built with Electron — no Docker, no server setup

---

## Who is this for?

KnowNote is for you if:

- You like NotebookLM but want more control
- You prefer using private or self-hosted LLM APIs
- You don’t want to spin up Docker just to try an idea
- You want a simple desktop app for learning and research

---

## Preview

<div align=""center"">
  <img src=""./.github/images/screenshot-main.png"" alt=""KnowNote Main Interface"" width=""800"">
  <p><i>Three-column layout: Knowledge Library · AI Q&A · Note Output</i></p>
</div>

---

## Key Features

### 📚 Document Management

- PDF, Word (.docx), PowerPoint (.pptx), and web pages
- Automatic structure parsing and content extraction
- Fast local storage with SQLite

### 🤖 AI-Powered Q&A

- Retrieval-Augmented Generation (RAG)
- Multiple LLM providers
- Answers with precise source references

### 🔒 Local-First by Design

- All data stored locally
- Offline-friendly (LLM APIs optional)
- Full control over your knowledge assets

### 🔍 Vector Search

- Semantic search with sqlite-vec
- Fast and accurate retrieval

### ⚡ Lightweight & Cross-Platform

- Electron-based desktop app
- Windows and macOS support

---

## Project Status

KnowNote is an early-stage project.  
Some parts are still rough, but the foundation is in place.

I’m sharing it mainly to:

- learn from real usage
- improve learning and research workflows
- explore better knowledge visualization and retrieval

Feedback and suggestions are very welcome.

---

## Roadmap

### ✅ Completed

- AI LLM conversation with multiple providers
- Structured note generation
- One-click mind map generation
- RAG-based document retrieval
- Multi-format document import (PDF / Word / PPT / Web)

### 🚧 In Development

- Audio upload and transcription
- Quiz generation from documents
- One-click PPT generation from notes

### 📋 Planned

More ideas are in the pipeline — feel free to suggest features in Issues.

---

## Quick Start

### Download

Get the latest version from GitHub Releases:

- **Windows**: `KnowNote-Setup-{version}.exe`
- **macOS**: `KnowNote-{version}.dmg` / `KnowNote-{version}-arm64.dmg`

### Development

```bash
git clone https://github.com/MrSibe/KnowNote.git
cd KnowNote
pnpm install
pnpm dev
```

---

## Tech Stack

Electron · React · TypeScript · Vite · TailwindCSS
SQLite · sqlite-vec · Drizzle ORM
pdfjs-dist · mammoth · officeparser · Tiptap

---

## Project Structure

```plaintext
KnowNote/
├── src/
│   ├── main/              # Electron main process
│   │   ├── db/            # Database configuration and schema
│   │   ├── services/      # Core logic (document parsing, RAG, etc.)
│   │   └── providers/     # LLM provider abstraction
│   ├── renderer/          # React renderer process
│   ├── preload/           # Electron preload scripts
│   └── shared/            # Shared types and utilities
├── resources/             # App resources (icons, etc.)
├── build/                 # Build configuration
└── out/                   # Build output
```

---

## Feedback & Contributions

Issues, discussions, and pull requests are all welcome.

If you have ideas about:

- learning workflows
- knowledge visualization
- model/provider abstraction

I’d love to hear them.

---

## License

This project is licensed under the **GPL-3.0 License**.

---

## Acknowledgments

- Google NotebookLM — inspiration
- Electron — cross-platform desktop framework
- React — UI framework
- SQLite & sqlite-vec — local storage and vector retrieval

---

## Star History

<a href=""https://www.star-history.com/#MrSibe/KnowNote&type=date&legend=top-left"">
 <picture>
   <source media=""(prefers-color-scheme: dark)"" srcset=""https://api.star-history.com/svg?repos=MrSibe/KnowNote&type=date&theme=dark&legend=top-left"" />
   <source media=""(prefers-color-scheme: light)"" srcset=""https://api.star-history.com/svg?repos=MrSibe/KnowNote&type=date&legend=top-left"" />
   <img alt=""Star History Chart"" src=""https://api.star-history.com/svg?repos=MrSibe/KnowNote&type=date&legend=top-left"" />
 </picture>
</a>

---

If this project resonates with you, feel free to try it, star it, or leave feedback.
Thanks for checking it out 🙏

<div align=""center"">
  <p>Built with ❤️ by <a href=""https://github.com/MrSibe"">@MrSibe</a></p>
</div>
",Technical Documentation,"pdf, research, content, rag, license, ppt, gpl, analysis, database, api",hybrid_intelligence_system,2026-01-17 00:55:31
11,ComicBook-AI Automation Tool,"# Comic.AI

This app uses React-Vite along with Firestore and Firebase Hosting. The main idea of this app is to generate custom images based on user-prompts to craft unique comic book strips, this is achieved using OpenAI's Dall-E API which allows us to request images based on user-defined textual input. This program blends OpenAI's API along with React's functionality to allow users to craft their own stories, which can then be shared on social media or even be stored in the cloud-based storage provided by Firestore. 

The main functionalities are:
- 1. Generate custom images
- 2. Create custom comic strips
- 3. Download custom comics as pdf
- 4. Share comics on social media
- 5. Upload created comic on cloud-based storage
- 6. Search for already saved comics from the cloud-based database.

## Project Configuration
- Framework: React-Vite
- Database: Firestore Cloud
- Hosting: Firebase Hosting
- API's: DALL-E by OpenAI

## Getting Started

To get a local copy up and running, follow these simple steps.

1. Make sure you have the latest version of NodeJS installed using the command:

```bash
npm install npm@latest -g
```
2. Clone the repository using the following command:
```bash
git clone https://github.com/Pranav2501/ComicBook-AI.git
```
3. Move to the project folder using:
```bash
cd FolderName
```

3. To install package dependencies, use the following command:
```bash
npm install
```
4. To run the program:
```bash
npm run dev
```

5. If any errors, persist make sure you have Firebase installed:
```bash
npm install --save firebase
```
### Hosting
The project is currently hosted using Firebase, kindly use this link: https://comicbook-ai.web.app

### Video Demo
Project Video Link - https://northeastern.zoom.us/rec/share/R_WZ8jwsK53i9hzqNv81M2Sk83OdLR_yD9QOGWgNAl35y_Wx3ytFp_EvWHSq4D-a.GcxUv05I_rS868tZ?startTime=1712200631000
Passcode: 0bM9a&G&

Cypress Testing Video - https://northeastern.zoom.us/rec/share/kA4vKjtWmSVd2Iiidt_PP7lMStNX-FM5weymGZlzHgeKI6uZZ2c8XmJDwQsf3G8.ltu1Cs2H_DiqEldS 
Passcode: e2G&59mf

## E2E Testing - Cypress

The following application has E2E tests done using Cypress. Several usecases are tested which cover basic rendering and functionality of the applications.
The basic rendering components are header, footer, navbar, buttons, title & custom text. The functionality/use-cases like search, upload, download, generate, database operations, form submissions are all tested as well. The software tests are well-defined in the individual files, which are present in the Cypress Folder -> E2E testing -> 0-comicbookai-testing. The individual test-cases are defined at the top of each file using comments. Please refer to the video link to see the explaination and demo of the code.
### LICENSE

The project is licensed user MIT and is publicly available to all for use.


### Acknowledgments 
- Sources Used (YouTube) (OpenAI Integration Video)- https://www.youtube.com/watch?v=oacBV4tnuYQ
- Sources Used (YouTube) (Download Page as PDF)- https://www.youtube.com/watch?v=QaZ2CoYFO60
- OpenAI Documentation on Image Generation - https://platform.openai.com/docs/guides/images?context=node
- CS 5010 Programming Design Paradigms Course by Dr. John Alexis Guerra Gomez (Professor) & Mr. Ali Saremi (TA)


### Snapshots

Home Page
![Home Page](./images/Home.png)
Comic Page
![Comic Page](./images/Comic.png)
Search User Page
![Search Page](./images/Search.png)



",Content Creation,"pdf, database, framework, code, license, generation, platform, dall, ai, mit",hybrid_intelligence_system,2026-01-17 00:55:13
10,Hybrid Intelligence Test,"# AVATARARTS Hybrid Intelligence Test
This is a test of the hybrid system that combines original automation capabilities with new knowledge base features.

## Key Features
- Content analysis
- Auto-categorization  
- Entity extraction
- Insight generation
- Knowledge base search

### Technical Implementation
The system uses Python with SQLite for storage and includes advanced NLP features for content analysis.
",Research/Analysis,"intelligence, ai, python, content, system, analysis, nlp, avatararts, generation, automation",hybrid_intelligence_system,2026-01-17 00:52:06
9,AVATARARTS Automations README,"# AVATARARTS Automations Collection

A comprehensive suite of AI-powered automation tools for content creation, research, and workflow optimization.

---

## 📚 Documentation

| Document | Purpose |
|----------|---------|
| **[AUTOMATION_RESOURCES_REVIEW.md](./AUTOMATION_RESOURCES_REVIEW.md)** | Complete inventory and analysis of all 60+ tools |
| **[QUICK_START_GUIDE.md](./QUICK_START_GUIDE.md)** | Get started in 5 minutes with ready-to-use projects |
| **[extract_all.sh](./extract_all.sh)** | Automated extraction and organization script |

---

## 🚀 Quick Start

### Option 1: Ready-to-Use Projects (Already Extracted)

These are **immediately available** without extraction:

```bash
# 1. NotebookLM YouTube Automation (Most Recommended)
cd notebooklm-youtube-skill-main
cat README.md

# 2. Sunova Music Video Platform
cd sunova-mcp-main/sunova-visualize
cat README.md

# 3. YouTube Bot (Use with caution - read ethics warnings)
cd youtube-bot-main
cat README.md

# 4. NotebookLM Educational Content
cd NotebookLM_JulianGoldie_Notes_Bundle
open NotebookLM_JulianGoldie_Canonical_Notes.html
```

### Option 2: Extract Everything Automatically

Run the extraction script to unzip and organize all projects:

```bash
# Make script executable (if not already)
chmod +x extract_all.sh

# Run the extraction
./extract_all.sh
```

**What it does:**
- Extracts all 50+ .zip files
- Organizes into categories (NotebookLM, YouTube, ContentGeneration, etc.)
- Moves original .zip files to `Archives/`
- Creates a clean directory structure

### Option 3: Manual Extraction (Specific Tools)

Extract only what you need:

```bash
# NotebookLM MCP Server
unzip notebooklm-mcp-main.zip

# AI Podcast Generator
unzip AI-podcast-generator-main.zip

# Video Generation
unzip vidgen-main.zip
```

---

## 🎯 Top Recommended Tools

### 🥇 NotebookLM YouTube Skill
- **Status:** ✅ Ready to use (already extracted)
- **Setup Time:** 5 minutes
- **What it does:** Convert YouTube videos → NotebookLM notebooks → Audio overviews
- **Path:** `notebooklm-youtube-skill-main/`

### 🥈 Sunova Music Video Platform
- **Status:** ✅ Ready to configure (already extracted)
- **Setup Time:** 2-4 hours
- **What it does:** Audio → AI storyboard → Video production pipeline
- **Path:** `sunova-mcp-main/sunova-visualize/`

### 🥉 NotebookLM Frameworks & Best Practices
- **Status:** ✅ Ready to read (already extracted)
- **Setup Time:** 30 minutes reading
- **What it does:** Learn proven NotebookLM workflows from expert
- **Path:** `NotebookLM_JulianGoldie_Notes_Bundle/`

---

## 📦 What's Included

### Categories (60+ Projects Total):

| Category | Count | Examples |
|----------|-------|----------|
| **NotebookLM Tools** | 17 | MCP servers, automations, integrations |
| **Content Generation** | 12 | Podcasts, videos, comics, images |
| **YouTube Automation** | 2 | Bots, enhancers (⚠️ use with caution) |
| **LLM Development** | 8 | Fine-tuning, hosting, training |
| **Research & Knowledge** | 7 | Knowledge bases, paper digests, extractors |
| **MCP Servers** | 2 | Claude integrations, music video platform |
| **Other Resources** | 12+ | Security, data science, career tools |

---

## ⚡ Getting Started Checklist

- [ ] Read `QUICK_START_GUIDE.md`
- [ ] Choose your first project (recommend: NotebookLM YouTube Skill)
- [ ] Extract if needed (or use ready-to-go projects)
- [ ] Set up API keys (OpenAI, Supabase, etc.)
- [ ] Run first automation
- [ ] Document your workflow
- [ ] Share your results!

---

## 🔑 Required Services

Most tools require one or more of these:

| Service | Cost | What For | Sign Up |
|---------|------|----------|---------|
| **OpenAI** | $10-50/mo | GPT, Whisper, DALL-E | [platform.openai.com](https://platform.openai.com) |
| **NotebookLM** | Free/Plus $20 | Research, audio overviews | [notebooklm.google.com](https://notebooklm.google.com) |
| **Supabase** | Free/Pro $25 | Backend, database, auth | [supabase.com](https://supabase.com) |
| **Segmind** | $10-30/mo | Image/video generation | [segmind.com](https://segmind.com) |
| **Claude Desktop** | Free | AI assistant, MCP host | [claude.ai](https://claude.ai/download) |

---

## ⚠️ Important Notes

### Ethics & Terms of Service
- **YouTube Bot:** Violates YouTube TOS. Use for educational purposes only in controlled environments.
- **API Usage:** Respect rate limits and terms of service for all APIs.
- **Content Rights:** Ensure you have rights to automate/process content.

### Security
- **Never commit API keys** to version control
- Store keys in `.env` files (they're gitignored)
- Use environment variables for sensitive data

### Support
- Each project has its own README with specific instructions
- Check individual project documentation for troubleshooting
- Review `AUTOMATION_RESOURCES_REVIEW.md` for detailed analysis

---

## 📁 Directory Structure (After Extraction)

```
/Automations/
├── README.md (this file)
├── AUTOMATION_RESOURCES_REVIEW.md (detailed inventory)
├── QUICK_START_GUIDE.md (5-minute start guide)
├── extract_all.sh (extraction script)
│
├── NotebookLM/ (17 projects)
│   ├── notebooklm-youtube-skill-main/ ⭐ Ready to use
│   ├── NotebookLM_JulianGoldie_Notes_Bundle/ 📚 Educational
│   ├── notebooklm-mcp-main/
│   └── ...
│
├── MCP-Servers/ (2 projects)
│   ├── sunova-mcp-main/ ⭐ Music video platform
│   └── skill-main/
│
├── ContentGeneration/
│   ├── Podcasts/ (4 projects)
│   ├── Videos/ (4 projects)
│   └── Comics/ (4 projects)
│
├── YouTube/ (2 projects)
│   └── youtube-bot-main/ ⚠️ Use with caution
│
├── Research/ (7 projects)
│   ├── knowledge-generator-main/
│   ├── auto-paper-digest-main/
│   └── ...
│
├── LLM-Tools/ (8 projects)
│   ├── Awesome-LLM-main/
│   ├── axolotl-main/
│   └── ...
│
└── Archives/ (original .zip files)
```

---

## 🎓 Learning Path

### Week 1: Foundations
1. Set up NotebookLM YouTube Skill
2. Learn NotebookLM frameworks (Julian Goldie bundle)
3. Generate your first audio overview

### Week 2: Expansion
1. Extract AI Podcast Generator
2. Test video generation tools
3. Build content repurposing pipeline

### Week 3: Integration
1. Set up NotebookLM MCP Server
2. Integrate with Claude Desktop
3. Create custom workflows

### Week 4: Production
1. Choose tools for regular use
2. Automate your content pipeline
3. Document and refine processes

---

## 💡 Use Cases

### Content Creator
- YouTube video → NotebookLM research → Audio podcast
- Competitor analysis → Improved content strategy
- Multi-format content from single source

### Music Producer
- Audio track → Sunova MCP → Music video
- Beat-aligned storyboards
- AI-generated visual assets

### Researcher
- Papers → Auto-digest → Knowledge base
- Web sources → Structured reports
- Citations and fact-checking

### Business
- Client calls → Meeting notes → Action items
- Onboarding materials → Training content
- Competitor research → Strategy docs

---

## 🔗 Useful Links

- **Claude Desktop:** https://claude.ai/download
- **NotebookLM:** https://notebooklm.google.com
- **OpenAI API:** https://platform.openai.com
- **Supabase:** https://supabase.com
- **MCP Protocol:** https://modelcontextprotocol.io

---

## 📞 Support

For tool-specific help:
1. Check the project's README
2. Review `AUTOMATION_RESOURCES_REVIEW.md`
3. Consult official documentation for services used

---

**Last Updated:** January 14, 2026
**Maintained By:** AVATARARTS
**Total Projects:** 60+

---

🚀 **Ready to automate?** Start with the NotebookLM YouTube Skill - it's ready to go!

See [QUICK_START_GUIDE.md](./QUICK_START_GUIDE.md) for step-by-step instructions.
",Content Creation,"analysis, ai, optimization, generation, research, revenue, tool, platform, gpt, readme",auto_analyzer,2026-01-17 00:47:44
8,AVATARARTS Automations Resource Review,"# AVATARARTS Automations - Resource Review

**Generated:** January 14, 2026
**Location:** `/Users/steven/AVATARARTS/Automations/`

---

## 📋 Executive Summary

This workspace contains a comprehensive collection of **60+ automation tools and resources** focused on:

- **NotebookLM automation** (10+ projects)
- **YouTube content automation** (5+ projects)
- **AI content generation** (podcasts, comics, videos)
- **LLM/AI tooling** (training, research, development)
- **MCP servers** (Model Context Protocol integrations)

Most resources are archived as `.zip` files and need to be extracted before use.

---

## 🗂️ Resource Categories

### 1️⃣ NotebookLM Automation Suite (10+ projects)

#### **Active/Extracted Projects:**

##### **A. notebooklm-youtube-skill-main/** ⭐

- **Purpose:** Claude skill for automating NotebookLM from YouTube videos
- **Key Features:**
  - Extract people from YouTube videos
  - Research backgrounds via web search
  - Create NotebookLM notebooks automatically
  - Generate Audio Overviews
- **Tech Stack:** Claude Desktop integration, Chrome automation, JavaScript
- **Status:** ✅ Ready to use
- **Installation:** Requires Claude Desktop + Chrome with ""Control Chrome"" connector
- **Notable Files:**
  - `SKILL.md` - Complete automation instructions
  - `references/notebooklm_ui_guide.md` - UI element reference

##### **B. NotebookLM_JulianGoldie_Notes_Bundle/** 📚

- **Purpose:** Educational content on NotebookLM workflows
- **Contents:**
  - Full course notes (4-hour course by Julian Goldie)
  - Frameworks: ""6-in-1 Content Multiplier"", ""5S Framework""
  - 30-day implementation roadmap
  - Workflow templates (SEO, client onboarding, competitor analysis)
  - Persona prompt templates
- **Status:** ✅ Reference material ready
- **Use Case:** Learning NotebookLM best practices

#### **Archived Projects (Need Extraction):**

- `notebooklm-mcp-main.zip` - MCP server for NotebookLM integration
- `notebooklm-mcp-secure-main.zip` - Secure variant
- `automated-notebooklm-main.zip` - Full automation suite
- `Local-NotebookLM-main.zip` - Self-hosted version
- `notebooklm-py-main.zip` - Python implementation
- `notebookllama-main.zip` - LLM wrapper
- `notebooklm-kit-main.zip` - Toolkit/SDK
- `notebooklm-anki-extension-main.zip` - Anki flashcard integration
- `notebooklm-categorizer-main.zip` - Content categorization tool
- `notebookLM-citation-main.zip` - Citation management
- `NotebookLM-Examples-main.zip` - Example implementations
- `notebooklm-latex-renderer-main.zip` - LaTeX support
- `notebooklm-skill-master.zip` - Additional skill implementations
- `notebook-cat-main.zip` - Cataloging tool
- `notebooklm_exporter-main.zip` - Export utilities
- `NotebookLM_Youtube_Automator-main.zip` - YouTube-specific automation
- `open-notebookllm-master.zip` - Open source variant

---

### 2️⃣ YouTube Automation & Growth Tools

#### **A. youtube-bot-main/** (VisibilitySurge) ⚠️

- **Purpose:** YouTube view/engagement bot
- **Warning:** This is a **gray-hat tool** that violates YouTube TOS
- **Features:**
  - Simulated viewer profiles
  - Engagement automation (views, likes, comments)
  - Proxy integration
  - Behavioral modeling
- **Status:** ✅ Windows executable included
- **Ethics Note:** Use at your own risk - can result in channel penalties

#### **Archived:**

- `youtube-bot-main.zip` - Duplicate of above
- `youtube-enhancer_merged_deduped.zip` - Enhancement tools

---

### 3️⃣ Podcast & Audio Generation (4 projects)

- `AI-podcast-generator-main.zip` - AI-powered podcast creation
- `DIY-Podcast-Generator-main.zip` - Self-service podcast tools
- `podcastfy-main.zip` - Podcast automation framework
- `tiny-openai-whisper-api-main.zip` - Whisper transcription API

---

### 4️⃣ Video Content Generation (4 projects)

- `open-video-overview-main.zip` - Video overview generator
- `vidgen-main.zip` - Video generation toolkit
- `Simli_NotebookLM-main.zip` - NotebookLM video integration
- `Ethical_Hacking_Video_Course-main.zip` - Course content

---

### 5️⃣ Comic & Visual Content (4 projects)

- `ComicBook-AI-main.zip` - AI comic book generator
- `Comicfy.ai-main.zip` - Comic creation platform
- `comics_generator-master.zip` - Comic generation tools
- `cobber-ml-synthesizer-main.zip` - ML synthesis for comics

---

### 6️⃣ MCP Servers & Integrations ⭐

#### **A. sunova-mcp-main/** (Sunova Visualize)

- **Purpose:** Music video production planning system
- **Tech Stack:**
  - React 18.3 + Vite 5.4
  - Supabase (Auth, Storage, Edge Functions)
  - OpenAI GPT-5 + Realtime API
  - Segmind (image/video generation)
  - Stripe (payment processing)
  - FFmpeg (video processing)
- **Architecture:**
  - Frontend: React SPA with TanStack Query, React Router, Shadcn UI
  - Backend: Supabase Edge Functions (Deno)
  - AI: OpenAI for concepts, Whisper for transcription, Segmind for renders
- **Key Features:**
  - Audio upload & analysis (tempo, key, beats)
  - Voice-first concept ideation (WebRTC)
  - Scene breakdown & storyboard generation
  - AI-powered shot planning
  - Timeline editing
  - Video export with FFmpeg
- **Status:** ✅ Full production app
- **Documentation:** Extensive engineering handbook in `README.md`

#### **Archived:**

- `sunova-mcp-main.zip` - Duplicate of above
- `skill-main.zip` - Generic skill implementations

---

### 7️⃣ LLM Research & Development (8 projects)

- `Awesome-LLM-main.zip` - Curated LLM resources
- `axolotl-main.zip` - LLM fine-tuning framework
- `self-hosted-ai-starter-kit-main.zip` - Self-hosting guide
- `PageLM-main.zip` - Page-level language model
- `insights-lm-public-main.zip` - Insights extraction
- `OhOnePro-main.zip` - O1 Pro model tools
- `versatile_bot_project-main.zip` - Multi-purpose bot framework
- `whisperX-main.zip` - Enhanced Whisper transcription

---

### 8️⃣ Knowledge & Research Tools (7 projects)

- `knowledge-generator-main.zip` - Knowledge base generation
- `KnowNote-main.zip` - Note-taking system
- `auto-paper-digest-main.zip` - Academic paper summarization
- `ainews-source-extractor-master.zip` - News source extraction
- `lyra-exporter-main.zip` - Export utilities
- `SurfSense-main.zip` - Web research tool
- `how-to-data-science-main.zip` - Data science tutorials

---

### 9️⃣ Specialized Resources

- `Programming_Books-main.zip` - Programming reference materials
- `Offensive-Security-Forensics-Portfolio-v1.8.zip` - Security toolkit
- `jobs_companies_resumes_MERGED.zip` - Career resources
- `Google AI Studio-20251228T182143Z-3-001.zip` - Google AI exports
- `manzoni-app_0.0.8_macOS.dmg` - macOS application (unknown purpose)

---

## 🔧 Configuration Files

### `.claude/settings.local.json`

```json
{
  ""permissions"": {
    ""allow"": [
      ""Bash(du:*)""
    ]
  }
}
```

**Purpose:** Claude-specific permissions for disk usage commands

### `.vscode/settings.json`

```json
{
  ""git.ignoreLimitWarning"": true
}
```

**Purpose:** VSCode configuration to handle large repositories

---

## ⚡ Recommended Next Steps

### Immediate Actions (Priority 1)

1. **Extract Key Projects:**

   ```bash
   # NotebookLM MCP Server
   unzip notebooklm-mcp-main.zip

   # Automated NotebookLM
   unzip automated-notebooklm-main.zip

   # AI Podcast Generator
   unzip AI-podcast-generator-main.zip

   # Video Generation
   unzip vidgen-main.zip
   ```

2. **Set Up NotebookLM YouTube Skill:**
   - Already extracted: `notebooklm-youtube-skill-main/`
   - Install in Claude Desktop: `~/Library/Application Support/Claude/skills/`
   - Enable Chrome Control connector
   - Test with a sample YouTube video

3. **Review Sunova MCP:**
   - Already extracted: `sunova-mcp-main/sunova-visualize/`
   - Check `package.json` for dependencies
   - Review `README.md` for setup instructions
   - Consider deploying to Vercel

### Documentation Review (Priority 2)

1. **Study NotebookLM Workflows:**
   - Read: `NotebookLM_JulianGoldie_Notes_Bundle/NotebookLM_JulianGoldie_Canonical_Notes.md`
   - Implement: ""6-in-1 Content Multiplier"" framework
   - Apply: ""5S Framework"" to your content workflow

2. **Explore MCP Integrations:**
   - Review: MCP servers for Claude integration
   - Test: NotebookLM MCP with Claude Desktop
   - Consider: Custom MCP server development

### Cleanup (Priority 3)

1. **Organize Duplicates:**

   ```bash
   # Remove duplicate .zip files after extraction
   # Keep extracted folders as working copies
   ```

2. **Create Project-Specific Directories:**

   ```
   /Automations/
   ├── NotebookLM/           # All NotebookLM projects
   ├── YouTube/              # YouTube automation
   ├── ContentGeneration/    # Podcasts, videos, comics
   ├── MCP-Servers/          # MCP integrations
   ├── Research/             # Knowledge & research tools
   └── Archives/             # Original .zip files
   ```

---

## 🎯 Use Case Scenarios

### Scenario 1: Content Repurposing Pipeline

**Goal:** Turn YouTube videos into multiple content formats

**Tools to Use:**

1. `notebooklm-youtube-skill-main/` - Extract & research video content
2. `AI-podcast-generator-main.zip` - Generate podcast episodes
3. `ComicBook-AI-main.zip` - Create visual summaries
4. `NotebookLM_JulianGoldie_Notes_Bundle/` - Apply 6-in-1 framework

### Scenario 2: Music Video Production

**Goal:** Create professional music videos from audio tracks

**Tools to Use:**

1. `sunova-mcp-main/sunova-visualize/` - Full production pipeline
   - Upload audio → Analyze → Generate concepts
   - Create storyboards → Generate shots
   - Export timeline with FFmpeg

### Scenario 3: Knowledge Base Automation

**Goal:** Build and maintain a searchable knowledge base

**Tools to Use:**

1. `notebooklm-mcp-main.zip` - MCP server for Claude integration
2. `knowledge-generator-main.zip` - Generate knowledge structures
3. `KnowNote-main.zip` - Note organization
4. `auto-paper-digest-main.zip` - Summarize research papers

### Scenario 4: YouTube Channel Growth

**Goal:** Automate content creation and promotion

**Tools to Use:**

1. `notebooklm-youtube-skill-main/` - Research & content creation
2. `vidgen-main.zip` - Video generation
3. `youtube-bot-main/` - Engagement (⚠️ Use with caution)
4. `youtube-enhancer_merged_deduped.zip` - Enhancement tools

---

## 🔐 Security & Ethics Considerations

### ⚠️ Gray-Hat Tools

- **youtube-bot-main/** (VisibilitySurge)
  - Violates YouTube Terms of Service
  - Risk of channel suspension/termination
  - Can harm channel reputation if detected
  - **Recommendation:** Avoid unless for educational purposes in controlled environment

### ✅ Best Practices

1. **API Keys:** Store in environment variables, never commit to git
2. **Rate Limits:** Respect API rate limits for all services
3. **Terms of Service:** Review TOS for all platforms you automate
4. **Data Privacy:** Handle user data according to GDPR/CCPA
5. **Attribution:** Credit sources and respect licenses

---

## 📊 Technology Stack Summary

### Languages

- **TypeScript/JavaScript** (Primary) - 35+ projects
- **Python** - 15+ projects
- **Shell/Bash** - Configuration & scripts

### Frameworks

- **React** (sunova-mcp) - Modern web apps
- **Vite** - Fast build tooling
- **Supabase** - Backend as a service
- **Claude Desktop** - AI integration platform

### AI Services

- **OpenAI** (GPT-5, Whisper, Realtime API)
- **Segmind** (Image/video generation)
- **Replicate** (Model hosting)
- **Fal.ai** (AI infrastructure)

### Development Tools

- **Vitest** - Testing framework
- **ESLint** - Code quality
- **TanStack Query** - Data fetching
- **FFmpeg** - Video processing

---

## 📈 Estimated Setup Time

| Category | Time Required | Difficulty |
|----------|---------------|------------|
| NotebookLM YouTube Skill | 30 minutes | Easy |
| Sunova MCP (Basic) | 2-4 hours | Medium |
| Sunova MCP (Full Deploy) | 1-2 days | Hard |
| Podcast Generators | 1-2 hours | Easy |
| Video Generation Tools | 2-4 hours | Medium |
| LLM Fine-tuning | 1-3 days | Hard |
| YouTube Automation | 4-8 hours | Medium |
| Knowledge Base Setup | 2-4 hours | Easy |

---

## 💡 Strategic Recommendations

### High Value, Low Effort

1. ✅ **NotebookLM YouTube Skill** - Immediate productivity boost
2. ✅ **Julian Goldie Workflows** - Best practices & frameworks
3. ✅ **Podcast Generators** - Quick content repurposing

### High Value, High Effort

1. 🔧 **Sunova MCP Full Stack** - Professional-grade music video production
2. 🔧 **Custom MCP Server** - Build your own Claude integrations
3. 🔧 **LLM Fine-tuning** - Specialized model training

### Experimental/Educational

1. 🧪 **YouTube Bot** - Study automation techniques (don't deploy to production)
2. 🧪 **Comic Generators** - Explore visual content creation
3. 🧪 **Whisper Variants** - Compare transcription approaches

---

## 📚 Additional Resources

### Documentation Links

- **Claude Skills:** <https://support.claude.com/en/articles/12512180-using-skills-in-claude>
- **MCP Protocol:** <https://modelcontextprotocol.io/>
- **Supabase Docs:** <https://supabase.com/docs>
- **OpenAI API:** <https://platform.openai.com/docs>
- **NotebookLM:** <https://notebooklm.google.com/>

### Community

- Search for GitHub repositories with ""notebooklm"" for latest developments
- Join Discord servers for Claude, Supabase, and AI automation communities
- Follow Julian Goldie for NotebookLM best practices

---

## 🏁 Conclusion

This is an **impressive collection** of cutting-edge automation tools focused on:

- ✅ AI-powered content creation
- ✅ NotebookLM workflow automation
- ✅ Multi-modal generation (audio, video, images, text)
- ✅ Claude/MCP integrations

**Next Steps:**

1. Start with the **NotebookLM YouTube Skill** (already extracted, ready to use)
2. Review the **Julian Goldie frameworks** for best practices
3. Extract and test **AI Podcast Generator**
4. Explore **Sunova MCP** for advanced video production

**Warning:** Be mindful of Terms of Service for all platforms. Focus on tools that enhance productivity without violating platform rules.

---

**Document Version:** 1.0
**Last Updated:** January 14, 2026
**Maintained By:** Claude (Sonnet 4.5)
",Content Creation,"gpt, seo, tos, script, sdk, system, framework, ai, automation, readme",auto_analyzer,2026-01-17 00:47:03
7,Revenue Strategy Test,"# Revenue Strategy Analysis
Our projected revenue for the next quarter is .5M with a 15% growth rate.
The main drivers are:
- AI automation tools: 00K
- SEO optimization services: 00K
- Content generation: 00K
- Consulting services: 00K
- Marketplace sales: 00K

Customer acquisition cost is 5 with lifetime value of 50.
",Business/Revenue,"content, ai, tool, strategy, seo, revenue, optimization, generation, analysis, automation",auto_analyzer,2026-01-17 00:44:03
6,Python Script Test,"# Python Script Analysis
This is a sample Python script for automation:

```python
def auto_sort_content(content):
    # Analyze content and return category
    if 'python' in content.lower():
        return 'Code/Scripts'
    return 'General'
```

The script processes content and automatically categorizes it.
",Code/Scripts,"content, analysis, script, code, automation, ai, python",auto_analyzer,2026-01-17 00:43:43
5,Final Test,"# Final Test
This is a **final test** of the enhanced clipboard capture with `code formatting` and [links](https://example.com).

## Key Points

1. Auto-tagging
2. Formatting preservation
3. Category detection

#AEO #SEO #GEO
",SEO/AEO,"geo, code, aeo, seo",enhanced_clipboard_capture,2026-01-17 00:39:27
4,Test Clipboard Capture,"# Test Content\n\nThis is **formatted** content with _markdown_ styling.\n\n- Item 1\n- Item 2\n\n## Analysis\nThis is an analysis section.
",Analysis/Research,analysis,enhanced_clipboard_capture,2026-01-17 00:38:46
3,Save Test,Testing the save functionality of the knowledge base system,,"save, Save Test, Testing the save functionality of the knowledge base system",,2026-01-17 00:34:43
2,System Test Entry,"Testing the AVATARARTS Knowledge Base system setup.
",system-test,"test, setup, verification",conversation_capture,2026-01-17 00:32:46
1,Initialization,Database initialization entry,system,,conversation_capture,2026-01-17 00:30:31
